{"cough,difficulty in breathing,fever": 0.0015255530129672007, "fever": 0.2547673531655225, "chill,cough,joint pain": 0.00038138825324180017, "cough,fever": 0.017543859649122806, "fever,throat pain": 0.0038138825324180014, "fever,runny nose": 0.0011441647597254005, "general malaise": 0.06598016781083142, "abdominal pain,diarrhea,fever": 0.00038138825324180017, "chill,fever,pneumonia": 0.00038138825324180017, "cough,joint pain": 0.00038138825324180017, "cough,diarrhea,fever,nausea": 0.00038138825324180017, "fever,loss of appetite": 0.00038138825324180017, "cough,fever,general malaise": 0.002669717772692601, "fever,headache": 0.0011441647597254005, "difficulty in breathing,general malaise": 0.00038138825324180017, "fever,general malaise": 0.0038138825324180014, "diarrhea,fever,nausea": 0.00038138825324180017, "fever,pneumonia": 0.002288329519450801, "cough,cough with sputum,fever,general malaise": 0.00038138825324180017, "fever,general malaise,joint pain,muscle pain": 0.00038138825324180017, "difficulty in breathing,fever,general malaise": 0.00038138825324180017, "cough,difficulty in breathing,general malaise": 0.0007627765064836003, "cough,cough with sputum,difficulty in breathing": 0.00038138825324180017, "cough,diarrhea,fever,general malaise": 0.0007627765064836003, "cough,cough with sputum,fever": 0.0011441647597254005, "general malaise,loss of appetite": 0.00038138825324180017, "cough,diarrhea,fever,headache,nausea,nausea": 0.00038138825324180017, "chill,fever,general malaise,nausea": 0.00038138825324180017, "nausea": 0.02707856598016781, "fever,general malaise,joint pain": 0.0007627765064836003, "cough,cough with sputum": 0.0007627765064836003, "difficulty in breathing": 0.04233409610983982, "general malaise,general malaise,headache": 0.00038138825324180017, "fever,general malaise,throat pain": 0.0007627765064836003, "cough,fever,throat pain": 0.002288329519450801, "fever,headache,runny nose": 0.0007627765064836003, "difficulty in breathing,fever": 0.0015255530129672007, "cough,general malaise,joint pain,muscle pain": 0.00038138825324180017, "chill": 0.02822273073989321, "cough": 0.2204424103737605, "fever,respiratory distress": 0.00038138825324180017, "cough,cough with sputum,throat pain": 0.0007627765064836003, "cough,runny nose": 0.0015255530129672007, "chill,fever,heavy head,joint pain": 0.00038138825324180017, "throat pain": 0.06292906178489703, "fever,general malaise,headache": 0.0019069412662090007, "chest discomfort,cough,throat pain": 0.00038138825324180017, "cough,cough with sputum,difficulty in breathing,fever": 0.0007627765064836003, "fever,thirst": 0.00038138825324180017, "cough,fever,runny nose": 0.0007627765064836003, "cough,fever,runny nose,throat pain": 0.0007627765064836003, "chill,throat pain": 0.00038138825324180017, "cough,fever,headache": 0.0019069412662090007, "cough,general malaise": 0.0007627765064836003, "difficulty in breathing,fever,joint pain,throat pain": 0.00038138825324180017, "cough,fever,nausea,throat pain": 0.00038138825324180017, "fever,general malaise,headache,joint pain": 0.00038138825324180017, "cough,fever,joint pain": 0.00038138825324180017, "cough,throat pain": 0.0011441647597254005, "chill,general malaise,headache": 0.00038138825324180017, "fever,general malaise,general malaise": 0.00038138825324180017, "chill,fever,general malaise": 0.00038138825324180017, "cough,cough,cough with sputum,difficulty in breathing,fever": 0.00038138825324180017, "cough,fever,general malaise,loss of appetite": 0.00038138825324180017, "cough,difficulty in breathing,fever,runny nose": 0.00038138825324180017, "cough,general malaise,joint pain": 0.00038138825324180017, "cough,fever,hospitalization,nausea": 0.00038138825324180017, "cough,diarrhea,difficulty in breathing,fever,loss of appetite,nausea": 0.00038138825324180017, "cough with sputum,diarrhea,fever,general malaise,joint pain,nausea": 0.00038138825324180017, "cough,general malaise,general malaise": 0.00038138825324180017, "fever,pneumonia,whole body pain": 0.00038138825324180017, "diarrhea,fever,general malaise": 0.00038138825324180017, "fever,general malaise,joint pain,runny nose,throat pain": 0.00038138825324180017, "fever,general malaise,joint pain,pneumonia": 0.00038138825324180017, "fever,general malaise,pneumonia": 0.00038138825324180017, "chill,cough,fever": 0.0011441647597254005, "back pain,fever,runny nose": 0.00038138825324180017, "chill,fever": 0.00038138825324180017, "cough,fever,pneumonia,throat pain": 0.00038138825324180017, "cough,fever,flu": 0.00038138825324180017, "chill,fever,muscle pain": 0.0007627765064836003, "fever,muscle pain": 0.0011441647597254005, "headache": 0.04652936689549962, "muscle pain": 0.02135774218154081, "chest discomfort": 0.0038138825324180014, "chill,cough,muscle pain": 0.00038138825324180017, "flu": 0.0030511060259344014, "chest discomfort,cough": 0.00038138825324180017, "chill,difficulty in breathing,fever,runny nose,throat pain": 0.00038138825324180017, "cough,difficulty in breathing": 0.0011441647597254005, "reflux": 0.0007627765064836003, "chill,fever,headache,throat pain": 0.00038138825324180017, "cough,fever,muscle pain": 0.00038138825324180017, "chill,cough,fever,muscle pain,throat pain": 0.00038138825324180017, "difficulty in breathing,fever,muscle pain": 0.00038138825324180017, "cough,diarrhea,runny nose": 0.00038138825324180017, "diarrhea,fever,throat pain": 0.00038138825324180017, "chill,cough,diarrhea,difficulty in breathing": 0.00038138825324180017, "cough,diarrhea,nausea": 0.00038138825324180017, "runny nose": 0.041952707856598014, "cough with sputum": 0.03508771929824561, "abdominal pain,cough,difficulty in breathing,fever": 0.00038138825324180017, "joint pain": 0.019832189168573607, "abdominal pain": 0.002669717772692601, "diarrhea": 0.019832189168573607, "pneumonia": 0.011060259344012205, "loss of appetite": 0.005339435545385202, "respiratory distress": 0.0007627765064836003, "heavy head": 0.0015255530129672007, "thirst": 0.0007627765064836003, "hospitalization": 0.0015255530129672007, "whole body pain": 0.0011441647597254005, "back pain": 0.0011441647597254005}